"arc_length","function_2403 (imaginary part)_Magnitude","function_2403 (real part)_Magnitude","function_2535 (imaginary part)_Magnitude","function_2535 (real part)_Magnitude"
0,nan,nan,nan,nan
0.0169707,nan,nan,nan,nan
0.0339414,nan,nan,nan,nan
0.0509114,nan,nan,nan,nan
0.0678821,nan,nan,nan,nan
0.0848527,nan,nan,nan,nan
0.101823,nan,nan,nan,nan
0.118794,nan,nan,nan,nan
0.135765,nan,nan,nan,nan
0.152735,nan,nan,nan,nan
0.169705,nan,nan,nan,nan
0.186676,nan,nan,nan,nan
0.203647,nan,nan,nan,nan
0.220618,nan,nan,nan,nan
0.237588,nan,nan,nan,nan
0.254558,nan,nan,nan,nan
0.271529,nan,nan,nan,nan
0.2885,nan,nan,nan,nan
0.30547,nan,nan,nan,nan
0.322441,nan,nan,nan,nan
0.339411,nan,nan,nan,nan
0.356382,nan,nan,nan,nan
0.373352,nan,nan,nan,nan
0.390323,nan,nan,nan,nan
0.407294,nan,nan,nan,nan
0.424264,nan,nan,nan,nan
0.441234,nan,nan,nan,nan
0.458205,nan,nan,nan,nan
0.475176,nan,nan,nan,nan
0.492146,nan,nan,nan,nan
0.509117,nan,nan,nan,nan
0.526088,nan,nan,nan,nan
0.543058,nan,nan,nan,nan
0.560028,nan,nan,nan,nan
0.576999,nan,nan,nan,nan
0.59397,nan,nan,nan,nan
0.61094,nan,nan,nan,nan
0.62791,nan,nan,nan,nan
0.644881,nan,nan,nan,nan
0.661852,nan,nan,nan,nan
0.678823,nan,nan,nan,nan
0.695793,nan,nan,nan,nan
0.712764,nan,nan,nan,nan
0.729734,nan,nan,nan,nan
0.746705,nan,nan,nan,nan
0.763675,nan,nan,nan,nan
0.780646,nan,nan,nan,nan
0.797617,nan,nan,nan,nan
0.814587,nan,nan,nan,nan
0.831557,nan,nan,nan,nan
0.848528,nan,nan,nan,nan
0.865499,nan,nan,nan,nan
0.882469,nan,nan,nan,nan
0.89944,nan,nan,nan,nan
0.91641,nan,nan,nan,nan
0.933381,nan,nan,nan,nan
0.950351,nan,nan,nan,nan
0.967322,nan,nan,nan,nan
0.984293,nan,nan,nan,nan
1.00126,nan,nan,nan,nan
1.01823,nan,nan,nan,nan
1.0352,nan,nan,nan,nan
1.05217,nan,nan,nan,nan
1.06915,nan,nan,nan,nan
1.08612,nan,nan,nan,nan
1.10309,nan,nan,nan,nan
1.12006,nan,nan,nan,nan
1.13703,nan,nan,nan,nan
1.154,nan,nan,nan,nan
1.17097,nan,nan,nan,nan
1.18794,nan,nan,nan,nan
1.20491,nan,nan,nan,nan
1.22188,nan,nan,nan,nan
1.23885,nan,nan,nan,nan
1.25582,nan,nan,nan,nan
1.27279,nan,nan,nan,nan
1.28976,nan,nan,nan,nan
1.30673,nan,nan,nan,nan
1.3237,nan,nan,nan,nan
1.34067,nan,nan,nan,nan
1.35765,nan,nan,nan,nan
1.37462,nan,nan,nan,nan
1.39159,nan,nan,nan,nan
1.40856,nan,nan,nan,nan
1.42553,nan,nan,nan,nan
1.4425,nan,nan,nan,nan
1.45947,nan,nan,nan,nan
1.47644,nan,nan,nan,nan
1.49341,nan,nan,nan,nan
1.51038,nan,nan,nan,nan
1.52735,nan,nan,nan,nan
1.54432,nan,nan,nan,nan
1.56129,nan,nan,nan,nan
1.57826,nan,nan,nan,nan
1.59523,nan,nan,nan,nan
1.6122,nan,nan,nan,nan
1.62917,nan,nan,nan,nan
1.64614,nan,nan,nan,nan
1.66312,nan,nan,nan,nan
1.68009,nan,nan,nan,nan
1.69706,nan,nan,nan,nan
1.71403,nan,nan,nan,nan
1.731,nan,nan,nan,nan
1.74797,nan,nan,nan,nan
1.76494,nan,nan,nan,nan
1.78191,nan,nan,nan,nan
1.79888,nan,nan,nan,nan
1.81585,nan,nan,nan,nan
1.83282,nan,nan,nan,nan
1.84979,nan,nan,nan,nan
1.86676,nan,nan,nan,nan
1.88373,nan,nan,nan,nan
1.9007,nan,nan,nan,nan
1.91767,nan,nan,nan,nan
1.93464,nan,nan,nan,nan
1.95161,nan,nan,nan,nan
1.96859,nan,nan,nan,nan
1.98556,nan,nan,nan,nan
2.00253,nan,nan,nan,nan
2.0195,nan,nan,nan,nan
2.03647,nan,nan,nan,nan
2.05344,nan,nan,nan,nan
2.07041,nan,nan,nan,nan
2.08738,nan,nan,nan,nan
2.10435,nan,nan,nan,nan
2.12132,nan,nan,nan,nan
2.13829,nan,nan,nan,nan
2.15526,nan,nan,nan,nan
2.17223,nan,nan,nan,nan
2.1892,nan,nan,nan,nan
2.20617,nan,nan,nan,nan
2.22314,nan,nan,nan,nan
2.24011,nan,nan,nan,nan
2.25708,nan,nan,nan,nan
2.27406,nan,nan,nan,nan
2.29103,nan,nan,nan,nan
2.308,nan,nan,nan,nan
2.32497,nan,nan,nan,nan
2.34194,nan,nan,nan,nan
2.35891,nan,nan,nan,nan
2.37588,nan,nan,nan,nan
2.39285,nan,nan,nan,nan
2.40982,nan,nan,nan,nan
2.42679,nan,nan,nan,nan
2.44376,nan,nan,nan,nan
2.46073,nan,nan,nan,nan
2.4777,nan,nan,nan,nan
2.49467,0.206651,0.588995,0.198743,0.60068
2.51164,0.222002,0.583367,0.214458,0.595175
2.52861,0.237352,0.577761,0.230174,0.589689
2.54558,0.252703,0.572178,0.245889,0.584225
2.56256,0.268053,0.566619,0.261604,0.578781
2.57953,0.276047,0.563349,0.270521,0.575158
2.5965,0.345571,0.520467,0.341292,0.533134
2.61347,0.358987,0.511923,0.355082,0.524568
2.63044,0.37244,0.503456,0.368914,0.516072
2.64741,0.385929,0.495069,0.382783,0.507649
2.66438,0.390223,0.459575,0.389198,0.47217
2.68135,0.397907,0.452719,0.397272,0.465187
2.69832,0.40561,0.445939,0.405368,0.458273
2.71529,0.413332,0.439237,0.413484,0.451434
2.73226,0.472908,0.365934,0.474663,0.37872
2.74923,0.482191,0.358538,0.484364,0.370695
2.7662,0.491312,0.347821,0.49386,0.359612
2.78317,0.500473,0.337403,0.503399,0.348805
2.80014,0.509674,0.32731,0.51298,0.338298
2.81711,0.518911,0.317574,0.522601,0.328121
2.83408,0.553343,0.222467,0.559949,0.230756
2.85105,0.557187,0.214449,0.564122,0.221891
2.86803,0.561038,0.207341,0.568305,0.213877
2.885,0.564896,0.201242,0.572496,0.206814
2.90197,0.588937,0.116572,0.597397,0.120698
2.91894,0.591555,0.113077,0.600315,0.11525
2.93591,0.592507,0.129525,0.601436,0.129605
2.95288,0.593127,0.132046,0.60232,0.130695
2.96985,0.58424,0.117051,0.594997,0.11026
2.98682,0.583181,0.126852,0.594172,0.119542
3.00379,0.591726,0.101575,0.60254,0.0919687
3.02076,0.589701,0.112956,0.600705,0.103621
3.03773,0.58768,0.124407,0.598873,0.115372
3.0547,0.563094,0.258616,0.575161,0.251423
3.07167,0.550171,0.191342,0.562678,0.185241
3.08864,0.545474,0.207649,0.558046,0.201965
3.10561,0.540798,0.223971,0.553433,0.218705
3.12258,0.536144,0.240304,0.548839,0.235458
3.13955,0.509237,0.297678,0.522478,0.294232
3.15652,0.507491,0.314885,0.520001,0.312286
3.1735,0.501326,0.325886,0.513771,0.323725
3.19047,0.453275,0.378524,0.466314,0.377983
3.20744,0.446346,0.387039,0.459271,0.386915
3.22441,0.440329,0.39707,0.452958,0.397357
3.24138,0.432531,0.407036,0.444971,0.407745
3.25835,0.395412,0.42016,0.40759,0.422942
3.27532,0.364394,0.447338,0.377076,0.450507
3.29229,0.347209,0.466281,0.358074,0.470756
3.30926,0.34035,0.470871,0.350853,0.475748
3.32623,0.333694,0.47547,0.343824,0.480752
3.3432,0.262308,0.514486,0.272284,0.520911
3.36017,0.250228,0.521439,0.259997,0.528009
3.37714,0.243424,0.524192,0.252647,0.531115
3.39411,0.236975,0.52695,0.245631,0.534227
3.41108,0.189102,0.527265,0.195564,0.536633
3.42805,0.146045,0.544171,0.153565,0.5534
3.44502,0.13923,0.546213,0.145701,0.555739
3.46199,0.133506,0.548258,0.138839,0.558082
3.47897,0.154258,0.56003,0.151815,0.570923
3.49594,0.112511,0.559597,0.10526,0.571349
3.51291,0.124678,0.557568,0.117149,0.569509
3.52988,0.13751,0.555542,0.129888,0.567671
3.54685,0.150838,0.55352,0.143249,0.565836
3.56382,0.175734,0.531756,0.16884,0.544965
3.58079,0.184444,0.528229,0.177984,0.541517
3.59776,0.193154,0.524715,0.187128,0.538081
3.61473,0.201865,0.521216,0.196271,0.534657
3.6317,0.201719,0.522092,0.196906,0.53515
3.64867,0.249412,0.485771,0.246293,0.499757
3.66564,0.263973,0.479403,0.261262,0.493337
3.68261,0.274764,0.47862,0.272929,0.491841
3.69958,0.282185,0.474002,0.2808,0.487141
3.71655,0.327593,0.438706,0.327256,0.452342
3.73352,0.340486,0.431127,0.340566,0.44457
3.75049,0.353475,0.423665,0.353978,0.436905
3.76746,0.397349,0.366924,0.400822,0.379272
3.78444,0.403974,0.360184,0.407862,0.372183
3.80141,0.410624,0.353611,0.414932,0.36525
3.81838,0.4173,0.347216,0.422029,0.358483
3.83535,0.433668,0.326928,0.43846,0.338504
3.85232,0.441356,0.319338,0.446556,0.330439
3.86929,0.457859,0.274398,0.465081,0.284253
3.88626,0.475004,0.250193,0.482072,0.260635
3.90323,0.479848,0.243466,0.487279,0.253313
3.9202,0.484715,0.237085,0.49251,0.246316
3.93717,0.500076,0.169312,0.509296,0.17843
3.95414,0.503169,0.162512,0.512697,0.170795
3.97111,0.519917,0.156332,0.530555,0.158461
3.98808,0.520671,0.155742,0.531598,0.156963
4.00505,0.533042,0.0875833,0.544647,0.084156
4.02202,0.532811,0.0936147,0.544634,0.0888093
4.03899,0.53258,0.101172,0.544621,0.0953645
4.05596,0.532349,0.109942,0.544608,0.103461
4.07294,0.518212,0.112569,0.531423,0.105435
4.08991,0.516362,0.121065,0.529697,0.114227
4.10688,0.514515,0.129677,0.527974,0.123172
4.12385,0.517881,0.122357,0.531139,0.11581
4.14082,0.515911,0.133837,0.529248,0.127775
4.15779,0.494235,0.165447,0.508465,0.161127
4.17476,0.494631,0.177987,0.508539,0.174434
4.19173,0.491517,0.190887,0.505414,0.187776
4.2087,0.475891,0.252164,0.489369,0.250475
4.22567,0.449242,0.266413,0.462986,0.266724
4.24264,0.444052,0.275998,0.457635,0.276787
4.25961,0.423286,0.308586,0.437171,0.309779
4.27658,0.417811,0.316936,0.431489,0.318578
4.29355,0.412407,0.325361,0.425873,0.327459
4.31052,0.376928,0.341081,0.390647,0.344998
4.32749,0.343958,0.389643,0.355837,0.395065
4.34446,0.338863,0.394133,0.350383,0.399996
4.36143,0.333895,0.39864,0.345049,0.404945
4.37841,0.283717,0.439376,0.294852,0.446047
4.39538,0.269054,0.426917,0.279043,0.435539
4.41235,0.26345,0.43075,0.272882,0.439762
4.42932,0.25812,0.434599,0.266981,0.444005
4.44629,0.249766,0.443952,0.258502,0.453194
4.46326,0.186419,0.468137,0.194127,0.478634
4.48023,0.181561,0.470503,0.188476,0.481329
4.4972,0.17721,0.472877,0.183311,0.484033
4.51417,0.134726,0.470512,0.139914,0.482736
4.53114,0.131069,0.471494,0.13524,0.483966
4.54811,0.12832,0.472478,0.131463,0.485198
4.56508,0.0762861,0.477449,0.0758941,0.491159
4.58205,0.0487872,0.484049,0.0494905,0.49727
4.59902,0.0502357,0.483889,0.049202,0.497266
4.61599,0.0532961,0.483729,0.0508355,0.497262
4.63296,0.0577126,0.483569,0.0542177,0.497258
4.64993,0.111973,0.470306,0.106739,0.484755
4.6669,0.120116,0.468141,0.115404,0.48261
4.68388,0.128258,0.465986,0.124069,0.480474
4.70085,0.13284,0.46326,0.129506,0.477784
4.71782,0.142765,0.461596,0.139876,0.476113
4.73479,0.165852,0.441365,0.165017,0.456109
4.75176,0.177378,0.438789,0.177171,0.453308
4.76873,0.18759,0.435878,0.187835,0.450273
4.7857,0.233887,0.407618,0.235761,0.422195
4.80267,0.277075,0.39317,0.27999,0.406508
4.81964,0.285542,0.388556,0.288945,0.401585
4.83661,0.302533,0.376441,0.305948,0.389652
4.85358,0.312316,0.351493,0.318018,0.364117
4.87055,0.318199,0.347381,0.32436,0.35964
4.88752,0.339622,0.328491,0.345668,0.341202
4.90449,0.345781,0.323791,0.352273,0.336076
4.92146,0.404707,0.257738,0.41304,0.267655
4.93843,0.376045,0.27329,0.385044,0.283639
4.9554,0.379137,0.270117,0.38852,0.280008
4.97237,0.38225,0.267044,0.392021,0.27648
4.98935,0.417254,0.206281,0.427746,0.215763
5.00632,0.420744,0.207264,0.431835,0.214469
5.02329,0.423156,0.204528,0.43458,0.211131
5.04026,0.443558,0.160419,0.454915,0.167756
5.05723,0.444844,0.129149,0.457673,0.133845
5.0742,0.449067,0.122783,0.461644,0.1275
5.09117,0.450493,0.120976,0.463307,0.124935
5.10814,0.46072,0.0642374,0.474459,0.0636046
5.12511,0.461256,0.0658145,0.475179,0.0639445
5.14208,0.461508,0.085715,0.475318,0.0829944
5.15905,0.464933,0.0710019,0.479172,0.0636895
5.17602,0.454323,0.0610917,0.469036,0.055605
5.19299,0.455447,0.0557318,0.470148,0.0512928
5.20996,0.454866,0.0649728,0.469607,0.0606912
5.22693,0.450355,0.111971,0.465011,0.108772
5.2439,0.452555,0.113203,0.466813,0.110861
5.26087,0.432094,0.160164,0.446828,0.159577
5.27784,0.430417,0.165111,0.445065,0.16505
5.29482,0.424631,0.152572,0.439365,0.153844
5.31179,0.422609,0.1596,0.437196,0.161375
5.32876,0.398195,0.212314,0.412981,0.215255
5.34573,0.401055,0.218935,0.414577,0.222569
5.3627,0.363016,0.271713,0.376668,0.276569
5.37967,0.360729,0.275395,0.374108,0.280722
5.39664,0.358472,0.279122,0.371579,0.284927
5.41361,0.349075,0.275942,0.362514,0.282383
5.43058,0.345815,0.280856,0.35888,0.287795
5.44755,0.305464,0.318932,0.318325,0.327069
5.46452,0.302741,0.324496,0.31363,0.333655
5.48149,0.265341,0.359549,0.276829,0.368366
5.49846,0.256964,0.350369,0.267358,0.360933
5.51543,0.253071,0.353617,0.262866,0.364602
5.5324,0.23154,0.373154,0.242177,0.383443
5.54937,0.204242,0.37586,0.213188,0.388059
5.56634,0.191768,0.387593,0.201252,0.399084
5.58331,0.186863,0.390098,0.195582,0.401939
5.60029,0.136254,0.408017,0.144836,0.420604
5.61726,0.132409,0.409896,0.140206,0.422778
5.63423,0.0841155,0.426539,0.0894897,0.439466
5.6512,0.0923733,0.412186,0.0967513,0.426044
5.66817,0.0901429,0.412976,0.0936216,0.427024
5.68514,0.044967,0.423842,0.0506167,0.437638
5.70211,0.0409044,0.424729,0.0449453,0.438692
5.71908,0.0225026,0.420513,0.0286008,0.435049
5.73605,0.0161568,0.42157,0.0110783,0.43577
5.75302,0.0245043,0.421613,0.0199163,0.435867
5.76999,0.0645999,0.414592,0.0623757,0.429293
5.78696,0.0782807,0.416891,0.076918,0.43125
5.80393,0.0619343,0.414177,0.0616042,0.42871
5.8209,0.109629,0.402137,0.110435,0.416534
5.83787,0.114372,0.401005,0.115536,0.415249
5.85484,0.164021,0.380149,0.166832,0.394594
5.87181,0.166948,0.382435,0.170054,0.395977
5.88879,0.17161,0.381089,0.175233,0.394391
5.90576,0.214822,0.363073,0.218412,0.3766
5.92273,0.226232,0.347592,0.231775,0.360669
5.9397,0.239948,0.344528,0.244989,0.357282
5.95667,0.264555,0.319486,0.271616,0.33142
5.97364,0.267706,0.3179,0.275246,0.329441
5.99061,0.292495,0.303336,0.299259,0.31531
6.00758,0.293262,0.288747,0.30206,0.299739
6.02455,0.322983,0.267004,0.330788,0.278829
6.04152,0.325358,0.265318,0.333596,0.27667
6.05849,0.323698,0.252138,0.333981,0.262401
6.07546,0.351138,0.225996,0.36073,0.237191
6.09243,0.352363,0.226801,0.362708,0.235458
6.1094,0.372032,0.18805,0.383334,0.196267
6.12637,0.380043,0.182754,0.390739,0.190887
6.14334,0.385356,0.157017,0.397513,0.163771
6.16031,0.398195,0.14072,0.409607,0.148535
6.17728,0.390597,0.131299,0.403411,0.137116
6.19426,0.400648,0.0976966,0.413746,0.104229
6.21123,0.41219,0.0773802,0.424713,0.0858104
6.2282,0.413417,0.0720751,0.426192,0.0792171
6.24517,0.413805,0.0596223,0.426892,0.0681571
6.26214,0.415473,0.039399,0.429006,0.0400965
6.27911,0.413519,0.00733462,0.427222,0.0140742
6.29608,0.413979,0.0019202,0.427787,0.00733727
6.31305,0.411208,0.035182,0.424959,0.0367119
6.33002,0.411932,0.0766516,0.42559,0.0780734
6.34699,0.412891,0.0765952,0.426691,0.077857
6.36396,0.405581,0.0825398,0.419247,0.0840228
6.38093,0.405058,0.118019,0.418367,0.119089
6.3979,0.392964,0.132635,0.406652,0.135035
6.41487,0.381857,0.170558,0.395029,0.173284
6.43184,0.382704,0.157535,0.396259,0.160434
6.44881,0.376367,0.18927,0.39003,0.191842
6.46578,0.365161,0.190446,0.378821,0.194364
6.48276,0.358357,0.220062,0.372096,0.223278
6.49973,0.345344,0.235307,0.358435,0.239151
6.5167,0.344911,0.235521,0.357747,0.239692
6.53367,0.323297,0.26498,0.336451,0.269988
6.55064,0.305096,0.28442,0.317878,0.289342
6.56761,0.304411,0.28456,0.316823,0.289833
6.58458,0.278808,0.316094,0.291633,0.321847
6.60155,0.278887,0.316328,0.29147,0.322408
6.61852,0.253291,0.332073,0.264226,0.338889
6.63549,0.242911,0.352529,0.254119,0.358265
6.65246,0.22187,0.356777,0.232304,0.364185
6.66943,0.199823,0.370097,0.210538,0.377397
6.6864,0.199762,0.370211,0.210108,0.377832
6.70337,0.17383,0.384436,0.184987,0.392066
6.72034,0.15659,0.405252,0.168934,0.411944
6.73731,0.148971,0.398007,0.160243,0.405966
6.75428,0.129437,0.416614,0.142098,0.423992
6.77125,0.114274,0.418923,0.127617,0.426854
6.78823,0.110649,0.422692,0.122338,0.429959
6.8052,0.0859193,0.424283,0.0981289,0.432779
6.82217,0.075172,0.429763,0.0876014,0.437884
6.83914,0.0824749,0.442828,0.0944609,0.449844
6.85611,0.0774648,0.434435,0.0880724,0.442317
6.87308,0.092061,0.442813,0.101532,0.450518
6.89005,0.123173,0.440208,0.131605,0.447952
6.90702,0.090975,0.44331,0.0972913,0.450621
6.92399,0.121564,0.4377,0.127301,0.445171
6.94096,0.148883,0.433896,0.154218,0.441534
6.95793,0.180783,0.43277,0.18595,0.440461
6.9749,0.198071,0.430717,0.202523,0.438032
6.99187,0.202643,0.419768,0.207269,0.427897
7.00884,0.224782,0.423067,0.22862,0.430474
7.02581,0.260273,0.410997,0.264558,0.418513
7.04278,0.255717,0.403525,0.259535,0.41185
7.05975,0.278238,0.402976,0.281559,0.409866
7.07672,0.302276,0.388425,0.306637,0.395433
7.0937,0.316897,0.382091,0.320365,0.388956
7.11067,0.351764,0.368935,0.355821,0.376235
7.12764,0.377155,0.357795,0.38016,0.364948
7.14461,0.382598,0.343317,0.387155,0.351001
7.16158,0.406375,0.34329,0.409509,0.350135
7.17855,0.411491,0.325466,0.415158,0.33354
7.19552,0.434643,0.306037,0.438621,0.314387
7.21249,0.463953,0.293386,0.467488,0.301748
7.22946,0.480239,0.271895,0.484759,0.280711
7.24643,0.501323,0.254185,0.505626,0.261963
7.2634,0.50334,0.260757,0.506158,0.272399
7.28037,0.53146,0.232033,0.535202,0.244009
7.29734,0.554473,0.216203,0.556785,0.230669
7.31431,0.558306,0.195778,0.56231,0.210554
7.33128,0.574941,0.183539,0.577964,0.19937
7.34825,0.596094,0.171691,0.598919,0.18957
7.36522,0.612935,0.159447,0.614715,0.179226
7.38219,0.618563,0.142743,0.62223,0.163442
7.39917,0.635677,0.145635,0.637346,0.16957
7.41614,0.660455,0.146242,0.662294,0.175268
7.43311,0.663881,0.140228,0.66539,0.168664
7.45008,0.673182,0.145522,0.675563,0.174729
7.46705,0.682363,0.165571,0.685168,0.195654
7.48402,0.693454,0.174347,0.695863,0.203936
7.50099,0.707769,0.186864,0.710466,0.215976
7.51796,0.740972,0.228939,0.740814,0.259266
7.53493,0.749938,0.249706,0.749976,0.279446
7.5519,0.755251,0.265653,0.75591,0.294315
7.56887,0.763991,0.291481,0.764392,0.319774
7.58584,0.789178,0.333886,0.788716,0.363227
7.60281,0.806221,0.36015,0.807579,0.390135
7.61978,0.81141,0.3834,0.81412,0.413483
7.63675,0.831314,0.420715,0.832437,0.450192
7.65372,0.867359,0.48183,0.867952,0.513867
7.67069,0.877018,0.50257,0.881978,0.535934
7.68766,0.909593,0.552343,0.913351,0.586413
7.70464,0.949548,0.59288,0.959104,0.630215
7.72161,0.987457,0.634869,1.00062,0.675113
7.73858,1.04846,0.694217,1.06199,0.735495
7.75555,1.17916,0.760283,1.20408,0.813888
7.77252,1.64873,0.990438,1.63185,1.05405
7.78949,0.261636,0.227102,0.440372,0.310431
7.80646,0.426619,0.515857,0.399197,0.40688
7.82343,0.691384,0.809066,0.412011,0.51675
7.8404,0.775304,0.960074,0.427437,0.609018
7.85737,0.803508,1.04218,0.437933,0.675174
7.87434,0.811601,1.10374,0.449196,0.74934
7.89131,0.673665,0.991862,0.461318,0.825665
7.90828,0.630546,0.928683,0.458737,0.871307
7.92525,0.706028,1.00752,0.452967,0.908028
7.94222,0.513965,0.672798,0.443226,0.935476
7.95919,0.610009,1.17429,0.426149,0.95132
7.97616,0.13995,0.494239,0.404614,0.95396
7.99313,0.116693,0.471269,0.377945,0.938807
8.01011,0.177272,0.260083,0.349397,0.904612
8.02708,0.497247,1.0694,0.321406,0.860409
8.04405,0.477565,0.762062,0.297693,0.811247
8.06102,0.339209,0.7554,0.282157,0.753513
8.07799,0.171191,0.571905,0.278086,0.684995
8.09496,0.088023,0.479673,0.287886,0.60845
8.11193,0.53041,0.647646,0.310376,0.541255
8.1289,0.570113,0.61959,0.346416,0.477742
8.14587,0.645432,0.599922,0.391272,0.427306
8.16284,0.779239,0.618503,0.436918,0.402145
8.17981,0.445641,0.200512,0.485283,0.414074
8.19678,0.369319,0.24827,0.535158,0.456134
8.21375,0.180476,0.209623,0.582223,0.521841
8.23072,0.189611,0.272136,0.624662,0.602405
8.24769,1.01353,0.954682,0.663651,0.688596
8.26466,0.965231,0.933886,0.698477,0.775575
8.28163,0.99675,1.04326,0.726211,0.858597
8.2986,1.13255,1.29772,0.747399,0.939444
8.31558,0.19678,0.297227,0.761015,1.00954
8.33255,0.407036,0.36397,0.766641,1.07068
8.34952,0.665288,0.725977,0.764563,1.12069
8.36649,0.84517,1.01399,0.7533,1.1584
8.38346,1.26795,1.62979,0.738556,1.18795
8.40043,1.16085,1.53453,0.712744,1.19893
8.4174,1.10801,1.51115,0.679112,1.19879
8.43437,1.05568,1.48798,0.643366,1.19448
8.45134,0.758244,1.11357,0.594115,1.16046
8.46831,0.609832,0.987738,0.545754,1.13176
8.48528,0.355749,0.67058,0.481914,1.06454
8.50225,0.100263,0.280526,0.422271,1.01006
8.51922,0.582083,1.1439,0.355289,0.932979
8.53619,0.319911,0.585429,0.284451,0.845502
8.55316,0.239519,0.575941,0.214991,0.759247
8.57013,0.147693,0.480575,0.142797,0.663272
8.5871,0.0514185,0.609428,0.0717517,0.555564
8.60408,0.0311179,0.174382,0.0358068,0.444595
8.62105,0.143084,0.205133,0.0888235,0.339015
8.63802,0.258687,0.0987511,0.155363,0.229285
8.65499,0.400207,0.0738468,0.219052,0.123007
8.67196,0.582591,0.272375,0.277468,0.0363072
8.68893,0.651981,0.360933,0.338349,0.103229
8.7059,0.708314,0.440617,0.388184,0.18766
8.72287,0.769966,0.558932,0.435436,0.286811
8.73984,0.660251,0.439936,0.47571,0.38154
8.75681,0.55759,0.373523,0.507615,0.456194
8.77378,0.496615,0.27802,0.533477,0.525001
8.79075,0.218997,0.117713,0.553156,0.582402
8.80772,1.01887,1.07606,0.563916,0.634669
8.82469,0.652616,0.79363,0.567161,0.676386
8.84166,0.679186,0.811605,0.565655,0.705161
8.85863,0.621218,0.780464,0.555931,0.720613
8.8756,0.972902,1.11288,0.538035,0.729972
8.89258,0.212226,0.158731,0.512175,0.724743
8.90955,0.364279,0.363547,0.483452,0.710887
8.92652,0.43703,0.516807,0.444477,0.685183
8.94349,0.437039,0.523443,0.412752,0.657224
8.96046,0.498223,0.729388,0.362235,0.611641
8.97743,0.439663,0.672569,0.31963,0.568299
8.9944,0.380095,0.619477,0.271913,0.518634
9.01137,0.348992,0.622219,0.221183,0.460254
9.02834,0.139523,0.257187,0.17286,0.404547
9.04531,0.104404,0.177795,0.12532,0.34939
9.06228,0.180184,0.254841,0.0792184,0.293519
9.07925,0.204994,0.316463,0.0534799,0.252239
9.09622,0.272666,0.467855,0.0604917,0.223454
9.11319,0.0555675,0.141272,0.0888954,0.213235
9.13016,0.0961926,0.0962927,0.121977,0.222863
9.14713,0.281082,0.376261,0.151311,0.245733
9.1641,0.209202,0.303208,0.176116,0.277312
9.18107,0.409358,0.513045,0.195668,0.310876
9.19804,0.532685,0.508206,0.369322,0.446726
9.21502,0.521813,0.442737,0.382158,0.432356
9.23199,0.534193,0.449606,0.403087,0.438089
9.24896,0.574373,0.47726,0.43987,0.441119
9.26593,0.624493,0.502895,0.485959,0.443483
9.2829,0.67005,0.534753,0.526202,0.455783
9.29987,0.706412,0.565547,0.558362,0.479918
9.31684,0.749333,0.603718,0.598169,0.512027
9.33381,0.784008,0.64168,0.62975,0.548421
9.35078,0.825989,0.693305,0.669426,0.601352
9.36775,0.856044,0.735121,0.696927,0.645345
9.38472,0.878369,0.762672,0.717265,0.675377
9.40169,0.905859,0.812629,0.741923,0.729591
9.41866,0.932703,0.86998,0.765689,0.792988
9.43563,0.954221,0.915889,0.785945,0.844459
9.4526,0.971256,0.948838,0.801814,0.883866
9.46957,0.985313,0.985249,0.815895,0.92677
9.48654,0.998755,1.0261,0.826424,0.973312
9.50352,1.00889,1.05969,0.835828,1.0136
9.52049,1.01629,1.09619,0.842684,1.05752
9.53746,1.02106,1.13215,0.847048,1.10089
9.55443,1.02342,1.15677,0.849586,1.13145
9.5714,1.02475,1.18924,0.849753,1.1705
9.58837,1.02095,1.22241,0.846031,1.2117
9.60534,1.01739,1.24514,0.842736,1.2411
9.62231,1.00701,1.25449,0.835482,1.25835
9.63928,0.993385,1.28847,0.822083,1.29979
9.65625,0.976992,1.2903,0.810103,1.30945
9.67322,0.967194,1.30517,0.800394,1.33037
9.69019,0.956854,1.30888,0.791957,1.33916
9.70716,0.926814,1.32295,0.76552,1.36156
9.72413,0.889117,1.32702,0.732337,1.3747
9.7411,0.875634,1.32466,0.72126,1.37682
9.75807,0.856885,1.32657,0.704021,1.38478
9.77504,0.823734,1.32148,0.675139,1.38613
9.79202,0.790068,1.31134,0.6463,1.38237
9.80899,0.740881,1.28764,0.605667,1.3657
9.82596,0.724303,1.28127,0.591649,1.36333
9.84293,0.682772,1.26375,0.555397,1.3517
9.8599,0.637621,1.23325,0.519591,1.32597
9.87687,0.602693,1.21936,0.487132,1.31711
9.89384,0.564504,1.18914,0.456854,1.29049
9.91081,0.514212,1.15931,0.412448,1.26557
9.92778,0.472095,1.12295,0.378511,1.23376
9.94475,0.441937,1.10738,0.35289,1.21973
9.96172,0.402114,1.06331,0.322774,1.18046
9.97869,0.348412,1.01707,0.279171,1.13752
9.99566,0.292582,0.967228,0.235306,1.09007
10.0126,0.248376,0.942859,0.198223,1.06538
10.0296,0.224167,0.888941,0.187848,1.01527
10.0466,0.175402,0.824985,0.160534,0.952117
10.0635,0.142204,0.801261,0.139349,0.928059
10.0805,0.154579,0.730627,0.166383,0.859328
10.0975,0.122678,0.705415,0.147703,0.830643
10.1145,0.170739,0.634084,0.193657,0.761787
10.1314,0.195767,0.5738,0.21828,0.699731
10.1484,0.235141,0.534752,0.250287,0.65577
10.1654,0.279302,0.47153,0.287044,0.584475
10.1823,0.319594,0.410552,0.322346,0.525184
10.1993,0.373961,0.346352,0.367496,0.45142
10.2163,0.394392,0.333644,0.382082,0.427696
10.2332,0.450827,0.270429,0.430552,0.351719
10.2502,0.501998,0.208712,0.473758,0.273057
10.2672,0.53089,0.227493,0.495337,0.260554
10.2842,0.565479,0.190925,0.525135,0.192842
10.3011,0.584858,0.205972,0.540461,0.182051
10.3181,0.653743,0.248367,0.597321,0.169874
10.3351,0.688705,0.273176,0.627172,0.164302
10.352,0.704634,0.292813,0.638973,0.180079
10.369,0.742203,0.390061,0.668646,0.281538
10.386,0.760439,0.408739,0.683424,0.29471
10.403,0.816038,0.471721,0.729914,0.36727
10.4199,0.828844,0.500963,0.739659,0.398958
10.4369,0.864208,0.578303,0.768157,0.48416
10.4539,0.874804,0.610664,0.775986,0.519299
10.4708,0.894874,0.697885,0.790478,0.613055
10.4878,0.903006,0.72222,0.795577,0.640816
10.5048,0.92374,0.778464,0.812376,0.705675
10.5217,0.930529,0.801443,0.816448,0.732478
10.5387,0.936425,0.826642,0.820309,0.760914
10.5557,0.947273,0.922847,0.826314,0.870926
10.5727,0.951745,0.939693,0.828796,0.891808
10.5896,0.950358,0.992227,0.825323,0.953067
10.6066,0.950741,1.01157,0.824218,0.976868
10.6236,0.944852,1.0534,0.817011,1.02751
10.6405,0.941545,1.07041,0.812636,1.04842
10.6575,0.936559,1.08744,0.806956,1.0691
10.6745,0.926799,1.11844,0.796612,1.10971
10.6915,0.913602,1.13795,0.784053,1.13574
10.7084,0.890928,1.16702,0.76129,1.17258
10.7254,0.859675,1.19522,0.730949,1.2081
10.7424,0.832194,1.21342,0.704097,1.23354
10.7593,0.820326,1.21821,0.692739,1.24189
10.7763,0.808461,1.22301,0.681386,1.25024
10.7933,0.774507,1.20979,0.653832,1.24865
10.8102,0.749204,1.2185,0.628913,1.26197
10.8272,0.696025,1.21683,0.580442,1.26773
10.8442,0.672439,1.22035,0.557569,1.27451
10.8612,0.657047,1.21599,0.543655,1.27325
10.8781,0.616896,1.1907,0.51078,1.25623
10.8951,0.541415,1.17803,0.439638,1.24993
10.9121,0.522036,1.16943,0.42215,1.24411
10.929,0.47041,1.14372,0.376941,1.22406
10.946,0.444152,1.13204,0.352925,1.21484
10.963,0.373256,1.09213,0.291161,1.18071
10.98,0.36933,1.07505,0.292102,1.1657
10.9969,0.283112,1.02352,0.21655,1.11931
11.0139,0.261248,1.00696,0.197856,1.10449
11.0309,0.242195,0.98956,0.18532,1.08867
11.0478,0.208049,0.934688,0.165759,1.03825
11.0648,0.187271,0.917154,0.153913,1.02156
11.0818,0.121114,0.867011,0.111795,0.972374
11.0987,0.14033,0.800801,0.14825,0.908958
11.1157,0.116654,0.780228,0.138365,0.886933
11.1327,0.183841,0.714045,0.202049,0.824372
11.1497,0.197414,0.688693,0.216047,0.79901
11.1666,0.247593,0.616065,0.264779,0.725654
11.1836,0.300194,0.561858,0.30802,0.668848
11.2006,0.319506,0.537913,0.324564,0.643811
11.2175,0.385729,0.460935,0.383582,0.561099
11.2345,0.406415,0.437852,0.401025,0.535445
11.2515,0.448254,0.371987,0.439442,0.474267
11.2685,0.468049,0.348628,0.456067,0.447798
11.2854,0.552603,0.264412,0.527488,0.34803
11.3024,0.573389,0.245384,0.545067,0.321438
11.3194,0.64032,0.188709,0.602904,0.232892
11.3363,0.659475,0.187076,0.618955,0.213788
11.3533,0.695278,0.105872,0.651213,0.113473
11.3703,0.734828,0.200548,0.683024,0.154587
11.3872,0.755989,0.184042,0.701359,0.107995
11.4042,0.772669,0.217199,0.715249,0.133114
11.4212,0.821155,0.269257,0.755817,0.18009
11.4382,0.835218,0.299417,0.767312,0.211229
11.4551,0.878908,0.376604,0.803869,0.293672
11.4721,0.890384,0.406464,0.813041,0.325683
11.4891,0.925018,0.5122,0.841029,0.439797
11.506,0.932947,0.543444,0.846926,0.473456
11.523,0.940082,0.577859,0.851598,0.510763
11.54,0.953442,0.659582,0.86101,0.599362
11.557,0.95724,0.680733,0.862556,0.623015
11.5739,0.973941,0.746082,0.875636,0.69875
11.5909,0.977235,0.767999,0.87756,0.723411
11.6079,0.982781,0.797551,0.881113,0.759236
11.6248,0.976661,0.841646,0.872924,0.807125
11.6418,0.975046,0.863998,0.870392,0.832381
11.6588,0.975838,0.908191,0.869279,0.887669
11.6757,0.956744,0.968569,0.84998,0.958066
11.6927,0.950778,0.984632,0.843649,0.977159
11.7097,0.935005,1.01475,0.82644,1.01034
11.7267,0.926338,1.02946,0.817696,1.02806
11.7436,0.917674,1.04418,0.808957,1.0458
11.7606,0.858773,1.09409,0.753376,1.11398
11.7776,0.841531,1.10415,0.736712,1.12699
11.7945,0.824303,1.11422,0.720065,1.14
11.8115,0.809307,1.12047,0.705804,1.14922
11.8285,0.789165,1.12763,0.686561,1.15923
11.8455,0.748759,1.12526,0.651169,1.16769
11.8624,0.707845,1.13677,0.611018,1.18384
11.8794,0.68743,1.13534,0.593209,1.18525
11.8964,0.668505,1.13428,0.575683,1.18672
11.9133,0.58844,1.13787,0.499763,1.19632
11.9303,0.519249,1.10978,0.438334,1.17708
11.9473,0.494774,1.10302,0.415688,1.17249
11.9642,0.470305,1.09626,0.393049,1.1679
11.9812,0.450649,1.08994,0.375851,1.16292
11.9982,0.427196,1.08103,0.354424,1.15594
12.0152,0.349297,1.03122,0.286324,1.11389
12.0321,0.335465,1.01799,0.277274,1.10228
12.0491,0.209108,0.971332,0.159848,1.05852
12.0661,0.183847,0.95622,0.137398,1.04467
12.083,0.177492,0.936812,0.141151,1.02703
12.1,0.153817,0.919914,0.122497,1.01107
12.117,0.129261,0.849818,0.119971,0.944587
12.134,0.162531,0.825615,0.162224,0.921945
12.1509,0.134503,0.766763,0.152515,0.860987
12.1679,0.151726,0.747032,0.168766,0.84134
12.1849,0.187661,0.719042,0.20344,0.814817
12.2018,0.270755,0.644437,0.276077,0.740661
12.2188,0.307651,0.610367,0.311551,0.708134
12.2358,0.344209,0.567245,0.343098,0.659076
12.2527,0.43257,0.474175,0.423779,0.567358
12.2697,0.455194,0.448121,0.443747,0.539658
12.2867,0.475495,0.423002,0.461896,0.513929
12.3037,0.494121,0.402756,0.477821,0.491871
12.3206,0.585732,0.299782,0.558247,0.383302
12.3376,0.654386,0.224142,0.619147,0.290988
12.3546,0.674297,0.206954,0.636452,0.265863
12.3715,0.694296,0.193621,0.653841,0.242687
12.3885,0.713527,0.152969,0.671202,0.200507
12.4055,0.786261,0.117683,0.734504,0.115597
12.4225,0.802809,0.13239,0.748693,0.108374
12.4394,0.818555,0.120219,0.762645,0.0691759
12.4564,0.833694,0.145277,0.775583,0.0827454
12.4734,0.88275,0.284128,0.817588,0.218405
12.4903,0.932182,0.330676,0.860408,0.266181
12.5073,0.942207,0.359351,0.868651,0.296834
12.5243,0.952243,0.388044,0.876903,0.32753
12.5412,0.961827,0.420437,0.884548,0.362007
12.5582,0.969862,0.447641,0.891026,0.39139
12.5752,0.990032,0.541463,0.90687,0.494952
12.5922,0.997251,0.601195,0.911474,0.558034
12.6091,1.02145,0.610269,0.933667,0.575345
12.6261,1.02022,0.644445,0.930756,0.61231
12.6431,1.02137,0.66788,0.931094,0.638221
12.66,1.01101,0.761126,0.919069,0.738619
12.677,1.0002,0.826745,0.906505,0.813798
12.694,0.995869,0.844003,0.901878,0.83368
12.711,0.991544,0.861278,0.897254,0.853584
12.7279,0.987569,0.877538,0.89293,0.873622
12.7449,0.96469,0.925676,0.871063,0.932596
12.7619,0.955054,0.940776,0.861557,0.950341
12.7788,0.939921,0.960509,0.845786,0.972127
12.7958,0.928652,0.973438,0.834894,0.98766
12.8128,0.91739,0.986378,0.82401,1.00321
12.8297,0.863257,1.01529,0.775453,1.04789
12.8467,0.81194,1.05556,0.723531,1.08897
12.8637,0.797549,1.06061,0.710042,1.09647
12.8807,0.729099,1.06835,0.647926,1.11503
12.8976,0.710302,1.06973,0.63044,1.11864
12.9146,0.691521,1.0711,0.612973,1.12224
12.9316,0.672215,1.07488,0.59439,1.12755
12.9485,0.652254,1.07457,0.575916,1.12931
12.9655,0.591413,1.05831,0.52199,1.12065
12.9825,0.50147,1.04689,0.43919,1.11462
12.9995,0.4785,1.04105,0.418101,1.11042
13.0164,0.455541,1.03521,0.397024,1.10623
13.0334,0.425974,1.02859,0.369427,1.1016
13.0504,0.401214,1.02118,0.34671,1.0956
13.0673,0.290215,0.991002,0.243933,1.06857
13.0843,0.245495,0.964448,0.204555,1.04511
13.1013,0.219711,0.951572,0.18136,1.03322
13.1182,0.139211,0.923564,0.107658,1.00549
13.1352,0.114155,0.863425,0.105005,0.949109
13.1522,0.102153,0.845398,0.100236,0.931517
13.1692,0.0987114,0.827434,0.103388,0.913968
13.1861,0.0996166,0.810551,0.112096,0.896777
13.2031,0.18447,0.735586,0.189149,0.82201
13.2201,0.203977,0.716535,0.207021,0.802805
13.237,0.291469,0.668632,0.289461,0.75778
13.254,0.332163,0.609233,0.324702,0.692306
13.271,0.358639,0.586031,0.348599,0.668086
13.288,0.385552,0.563128,0.372923,0.644069
13.3049,0.449989,0.498418,0.435323,0.583564
13.3219,0.473486,0.473574,0.456423,0.55742
13.3389,0.497372,0.449031,0.477891,0.531468
13.3558,0.590417,0.37277,0.5598,0.440045
13.3728,0.614232,0.334394,0.581928,0.403987
13.3898,0.724543,0.194338,0.682382,0.256274
13.4067,0.743082,0.175286,0.698787,0.231327
13.4237,0.761692,0.159264,0.715262,0.207801
13.4407,0.780368,0.147264,0.731802,0.186235
13.4577,0.807415,0.175742,0.754306,0.194306
13.4746,0.885501,0.118097,0.826062,0.0690747
13.4916,0.899327,0.142731,0.838149,0.0882876
13.5086,0.913179,0.168349,0.850261,0.112084
13.5255,0.929879,0.206299,0.863918,0.158402
13.5425,0.941992,0.231941,0.8745,0.184022
13.5595,0.990476,0.311876,0.918366,0.264581
13.5765,0.999482,0.337282,0.92611,0.292002
13.5934,1.0085,0.362706,0.933862,0.31946
13.6104,1.02615,0.412695,0.948666,0.376753
13.6274,1.04004,0.498645,0.960172,0.468593
13.6443,1.0436,0.520824,0.962967,0.49298
13.6613,1.05326,0.592485,0.970719,0.573475
13.6783,1.05356,0.615531,0.970447,0.598898
13.6952,1.04776,0.656804,0.963472,0.643153
13.7122,1.04722,0.674569,0.962618,0.663269
13.7292,1.04668,0.692356,0.961765,0.683416
13.7462,1.02597,0.776201,0.940329,0.776504
13.7631,1.01869,0.804215,0.935314,0.816117
13.7801,1.01007,0.820659,0.927002,0.834914
13.7971,1.00146,0.837123,0.918695,0.853735
13.814,0.990811,0.853274,0.907968,0.87172
13.831,0.980353,0.867089,0.898062,0.887849
13.848,0.928994,0.914579,0.849989,0.94607
13.8649,0.914728,0.924447,0.837198,0.958483
13.8819,0.898358,0.933812,0.821856,0.969951
13.8989,0.820309,0.990284,0.745479,1.03049
13.9159,0.805455,0.996144,0.731671,1.03847
13.9328,0.779417,0.997436,0.70917,1.04368
13.9498,0.706754,1.02097,0.638817,1.07203
13.9668,0.68234,1.00267,0.620433,1.05936
13.9837,0.659109,1.00512,0.598732,1.06356
14.0007,0.626822,1.01404,0.567123,1.07368
14.0177,0.607276,1.01277,0.549271,1.07392
14.0347,0.587736,1.0115,0.531426,1.07417
14.0516,0.461617,1.00702,0.412534,1.0748
14.0686,0.352839,0.977744,0.312322,1.05016
14.0856,0.323411,0.969178,0.284903,1.04257
14.1025,0.293984,0.960621,0.257487,1.035
14.1195,0.26456,0.952074,0.230072,1.02742
14.1365,0.223061,0.940479,0.193165,1.01529
14.1534,0.143745,0.882833,0.126521,0.961727
14.1704,0.122082,0.869754,0.10824,0.949055
14.1874,0.102889,0.856706,0.0929473,0.936404
14.2044,0.0282385,0.842828,0.0329512,0.921281
14.2213,0.168367,0.755403,0.169089,0.835128
14.2383,0.187161,0.738409,0.186302,0.817879
14.2553,0.20783,0.721489,0.205116,0.800684
14.2722,0.23363,0.703506,0.231035,0.782648
14.2892,0.256953,0.685518,0.251955,0.764059
14.3062,0.281173,0.667635,0.273743,0.745548
14.3232,0.417601,0.56668,0.397202,0.641872
14.3401,0.447124,0.5405,0.426411,0.616277
14.3571,0.470117,0.51942,0.447172,0.594019
14.3741,0.566256,0.433786,0.535272,0.500359
14.391,0.587386,0.415698,0.554246,0.480469
14.408,0.614405,0.402359,0.577581,0.463222
14.425,0.700432,0.280184,0.659617,0.342534
14.4419,0.720907,0.257986,0.678169,0.317436
14.4589,0.741471,0.236823,0.696812,0.292948
14.4759,0.762117,0.216998,0.715538,0.269238
14.4929,nan,nan,nan,nan
14.5098,nan,nan,nan,nan
14.5268,nan,nan,nan,nan
14.5438,nan,nan,nan,nan
14.5607,nan,nan,nan,nan
14.5777,nan,nan,nan,nan
14.5947,nan,nan,nan,nan
14.6117,nan,nan,nan,nan
14.6286,nan,nan,nan,nan
14.6456,nan,nan,nan,nan
14.6626,nan,nan,nan,nan
14.6795,nan,nan,nan,nan
14.6965,nan,nan,nan,nan
14.7135,nan,nan,nan,nan
14.7304,nan,nan,nan,nan
14.7474,nan,nan,nan,nan
14.7644,nan,nan,nan,nan
14.7814,nan,nan,nan,nan
14.7983,nan,nan,nan,nan
14.8153,nan,nan,nan,nan
14.8323,nan,nan,nan,nan
14.8492,nan,nan,nan,nan
14.8662,nan,nan,nan,nan
14.8832,nan,nan,nan,nan
14.9002,nan,nan,nan,nan
14.9171,nan,nan,nan,nan
14.9341,nan,nan,nan,nan
14.9511,nan,nan,nan,nan
14.968,nan,nan,nan,nan
14.985,nan,nan,nan,nan
15.002,nan,nan,nan,nan
15.0189,nan,nan,nan,nan
15.0359,nan,nan,nan,nan
15.0529,nan,nan,nan,nan
15.0699,nan,nan,nan,nan
15.0868,nan,nan,nan,nan
15.1038,nan,nan,nan,nan
15.1208,nan,nan,nan,nan
15.1377,nan,nan,nan,nan
15.1547,nan,nan,nan,nan
15.1717,nan,nan,nan,nan
15.1887,nan,nan,nan,nan
15.2056,nan,nan,nan,nan
15.2226,nan,nan,nan,nan
15.2396,nan,nan,nan,nan
15.2565,nan,nan,nan,nan
15.2735,nan,nan,nan,nan
15.2905,nan,nan,nan,nan
15.3074,nan,nan,nan,nan
15.3244,nan,nan,nan,nan
15.3414,nan,nan,nan,nan
15.3584,nan,nan,nan,nan
15.3753,nan,nan,nan,nan
15.3923,nan,nan,nan,nan
15.4093,nan,nan,nan,nan
15.4262,nan,nan,nan,nan
15.4432,nan,nan,nan,nan
15.4602,nan,nan,nan,nan
15.4772,nan,nan,nan,nan
15.4941,nan,nan,nan,nan
15.5111,nan,nan,nan,nan
15.5281,nan,nan,nan,nan
15.545,nan,nan,nan,nan
15.562,nan,nan,nan,nan
15.579,nan,nan,nan,nan
15.5959,nan,nan,nan,nan
15.6129,nan,nan,nan,nan
15.6299,nan,nan,nan,nan
15.6469,nan,nan,nan,nan
15.6638,nan,nan,nan,nan
15.6808,nan,nan,nan,nan
15.6978,nan,nan,nan,nan
15.7147,nan,nan,nan,nan
15.7317,nan,nan,nan,nan
15.7487,nan,nan,nan,nan
15.7657,nan,nan,nan,nan
15.7826,nan,nan,nan,nan
15.7996,nan,nan,nan,nan
15.8166,nan,nan,nan,nan
15.8335,nan,nan,nan,nan
15.8505,nan,nan,nan,nan
15.8675,nan,nan,nan,nan
15.8844,nan,nan,nan,nan
15.9014,nan,nan,nan,nan
15.9184,nan,nan,nan,nan
15.9354,nan,nan,nan,nan
15.9523,nan,nan,nan,nan
15.9693,nan,nan,nan,nan
15.9863,nan,nan,nan,nan
16.0032,nan,nan,nan,nan
16.0202,nan,nan,nan,nan
16.0372,nan,nan,nan,nan
16.0542,nan,nan,nan,nan
16.0711,nan,nan,nan,nan
16.0881,nan,nan,nan,nan
16.1051,nan,nan,nan,nan
16.122,nan,nan,nan,nan
16.139,nan,nan,nan,nan
16.156,nan,nan,nan,nan
16.1729,nan,nan,nan,nan
16.1899,nan,nan,nan,nan
16.2069,nan,nan,nan,nan
16.2239,nan,nan,nan,nan
16.2408,nan,nan,nan,nan
16.2578,nan,nan,nan,nan
16.2748,nan,nan,nan,nan
16.2917,nan,nan,nan,nan
16.3087,nan,nan,nan,nan
16.3257,nan,nan,nan,nan
16.3427,nan,nan,nan,nan
16.3596,nan,nan,nan,nan
16.3766,nan,nan,nan,nan
16.3936,nan,nan,nan,nan
16.4105,nan,nan,nan,nan
16.4275,nan,nan,nan,nan
16.4445,nan,nan,nan,nan
16.4614,nan,nan,nan,nan
16.4784,nan,nan,nan,nan
16.4954,nan,nan,nan,nan
16.5124,nan,nan,nan,nan
16.5293,nan,nan,nan,nan
16.5463,nan,nan,nan,nan
16.5633,nan,nan,nan,nan
16.5802,nan,nan,nan,nan
16.5972,nan,nan,nan,nan
16.6142,nan,nan,nan,nan
16.6312,nan,nan,nan,nan
16.6481,nan,nan,nan,nan
16.6651,nan,nan,nan,nan
16.6821,nan,nan,nan,nan
16.699,nan,nan,nan,nan
16.716,nan,nan,nan,nan
16.733,nan,nan,nan,nan
16.7499,nan,nan,nan,nan
16.7669,nan,nan,nan,nan
16.7839,nan,nan,nan,nan
16.8009,nan,nan,nan,nan
16.8178,nan,nan,nan,nan
16.8348,nan,nan,nan,nan
16.8518,nan,nan,nan,nan
16.8687,nan,nan,nan,nan
16.8857,nan,nan,nan,nan
16.9027,nan,nan,nan,nan
16.9197,nan,nan,nan,nan
16.9366,nan,nan,nan,nan
16.9536,nan,nan,nan,nan
16.9706,nan,nan,nan,nan
